Rhythm,Proportion
0.0,0.002793296089385475
1/12,0.00029403116730373417
0.125,0.0011761246692149367
1/6,0.3007938841517201
1/5,0.0007350779182593355
0.25,0.41811231990591
3/10,0.001470155836518671
1/3,0.14039988238753306
0.375,0.0005880623346074683
0.5,0.10482211114378125
0.75,0.01587768303440165
1.0,0.007938841517200824
1.5,0.0020582181711261394
2.0,0.0013231402528668039
3.0,0.0013231402528668039
4.0,0.00014701558365186709
5.0,0.00014701558365186709
